Date Added,Source,Quote,Author,URL,Status,Notes,HTML,Attribution
2025-10-17T18:42:25,ZenQuotes API,"Just get out and do it. You will be very, very glad that you did.",Christopher McCandless,https://zenquotes.io/,Needs Review,,"<blockquote>&ldquo;Just get out and do it. You will be very, very glad that you did.&rdquo; &mdash; <footer>Christopher McCandless</footer></blockquote>",Inspirational quotes provided by ZenQuotes API
2025-10-17T18:42:25,ZenQuotes API,"The moment you stop to think about whether you love someone, you've already stopped loving that person forever.",Carlos Ruiz Zafon,https://zenquotes.io/,Needs Review,,"<blockquote>&ldquo;The moment you stop to think about whether you love someone, you've already stopped loving that person forever.&rdquo; &mdash; <footer>Carlos Ruiz Zafon</footer></blockquote>",Inspirational quotes provided by ZenQuotes API
2025-10-17T18:42:25,ZenQuotes API,It is better to fail in originality than to succeed in imitation.,Herman Melville,https://zenquotes.io/,Needs Review,,<blockquote>&ldquo;It is better to fail in originality than to succeed in imitation.&rdquo; &mdash; <footer>Herman Melville</footer></blockquote>,Inspirational quotes provided by ZenQuotes API
2025-10-17T18:42:25,ZenQuotes API,"Everything will be ok in the end. If it's not ok, it's not the end.",John Lennon,https://zenquotes.io/,Needs Review,,"<blockquote>&ldquo;Everything will be ok in the end. If it's not ok, it's not the end.&rdquo; &mdash; <footer>John Lennon</footer></blockquote>",Inspirational quotes provided by ZenQuotes API
2025-10-17T18:42:25,ZenQuotes API,The degree of responsibility you take for your life determines how much change you can create in it.,Celestine Chua,https://zenquotes.io/,Needs Review,,<blockquote>&ldquo;The degree of responsibility you take for your life determines how much change you can create in it.&rdquo; &mdash; <footer>Celestine Chua</footer></blockquote>,Inspirational quotes provided by ZenQuotes API
2025-10-17T18:42:25,ZenQuotes API,"The path is difficult to ensure worthiness. The lazy look elsewhere, The persevering find riches.",Ming-Dao Deng,https://zenquotes.io/,Needs Review,,"<blockquote>&ldquo;The path is difficult to ensure worthiness. The lazy look elsewhere, The persevering find riches.&rdquo; &mdash; <footer>Ming-Dao Deng</footer></blockquote>",Inspirational quotes provided by ZenQuotes API
2025-10-17T18:42:25,ZenQuotes API,Superstars think like superstars long before the fans or the press anoint them.,John Eliot,https://zenquotes.io/,Needs Review,,<blockquote>&ldquo;Superstars think like superstars long before the fans or the press anoint them.&rdquo; &mdash; <footer>John Eliot</footer></blockquote>,Inspirational quotes provided by ZenQuotes API
2025-10-17T18:42:25,ZenQuotes API,Man suffers only because he takes seriously what the gods made for fun.,Alan Watts,https://zenquotes.io/,Needs Review,,<blockquote>&ldquo;Man suffers only because he takes seriously what the gods made for fun.&rdquo; &mdash; <footer>Alan Watts</footer></blockquote>,Inspirational quotes provided by ZenQuotes API
2025-10-17T18:42:25,ZenQuotes API,"See what you're doing wrong, laugh at it, change and do better.",Spencer Johnson,https://zenquotes.io/,Needs Review,,"<blockquote>&ldquo;See what you're doing wrong, laugh at it, change and do better.&rdquo; &mdash; <footer>Spencer Johnson</footer></blockquote>",Inspirational quotes provided by ZenQuotes API
2025-10-17T18:42:25,ZenQuotes API,There is no one giant step that does it. It's a lot of little steps.,Peter A. Cohen,https://zenquotes.io/,Needs Review,,<blockquote>&ldquo;There is no one giant step that does it. It's a lot of little steps.&rdquo; &mdash; <footer>Peter A. Cohen</footer></blockquote>,Inspirational quotes provided by ZenQuotes API
2025-10-17T18:42:25,ZenQuotes API,"Thought is so cunning, so clever, that it distorts everything for its own convenience.",Jiddu Krishnamurti,https://zenquotes.io/,Needs Review,,"<blockquote>&ldquo;Thought is so cunning, so clever, that it distorts everything for its own convenience.&rdquo; &mdash; <footer>Jiddu Krishnamurti</footer></blockquote>",Inspirational quotes provided by ZenQuotes API
2025-10-17T18:42:25,ZenQuotes API,Judge your success by what you had to give up in order to get it.,Dalai Lama,https://zenquotes.io/,Needs Review,,<blockquote>&ldquo;Judge your success by what you had to give up in order to get it.&rdquo; &mdash; <footer>Dalai Lama</footer></blockquote>,Inspirational quotes provided by ZenQuotes API
2025-10-17T18:42:25,ZenQuotes API,"If you throw away all thoughts of attainment, you will then come to see the real purpose of your quest.",Seungsahn,https://zenquotes.io/,Needs Review,,"<blockquote>&ldquo;If you throw away all thoughts of attainment, you will then come to see the real purpose of your quest.&rdquo; &mdash; <footer>Seungsahn</footer></blockquote>",Inspirational quotes provided by ZenQuotes API
2025-10-17T18:42:25,ZenQuotes API,You cannot push anyone up a ladder unless he is willing to climb a little himself.,Andrew Carnegie,https://zenquotes.io/,Needs Review,,<blockquote>&ldquo;You cannot push anyone up a ladder unless he is willing to climb a little himself.&rdquo; &mdash; <footer>Andrew Carnegie</footer></blockquote>,Inspirational quotes provided by ZenQuotes API
2025-10-17T18:42:25,ZenQuotes API,Quality is more important than quantity. One home run is much better than two doubles.,Steve Jobs,https://zenquotes.io/,Needs Review,,<blockquote>&ldquo;Quality is more important than quantity. One home run is much better than two doubles.&rdquo; &mdash; <footer>Steve Jobs</footer></blockquote>,Inspirational quotes provided by ZenQuotes API
2025-10-17T18:42:25,ZenQuotes API,Many people spend more time looking at their failures than focusing on their successes.,Lolly Daskal,https://zenquotes.io/,Needs Review,,<blockquote>&ldquo;Many people spend more time looking at their failures than focusing on their successes.&rdquo; &mdash; <footer>Lolly Daskal</footer></blockquote>,Inspirational quotes provided by ZenQuotes API
2025-10-17T18:42:25,ZenQuotes API,"When you know what you want, and want it bad enough, you will find a way to get it.",Jim Rohn,https://zenquotes.io/,Needs Review,,"<blockquote>&ldquo;When you know what you want, and want it bad enough, you will find a way to get it.&rdquo; &mdash; <footer>Jim Rohn</footer></blockquote>",Inspirational quotes provided by ZenQuotes API
2025-10-17T18:42:25,ZenQuotes API,People think about what they don't want and attract more of the same.,Unknown,https://zenquotes.io/,Needs Review,,<blockquote>&ldquo;People think about what they don't want and attract more of the same.&rdquo; &mdash; <footer>Unknown</footer></blockquote>,Inspirational quotes provided by ZenQuotes API
2025-10-17T18:42:25,ZenQuotes API,"When you can't make them see the light, make them feel the heat.",Ronald Reagan,https://zenquotes.io/,Needs Review,,"<blockquote>&ldquo;When you can't make them see the light, make them feel the heat.&rdquo; &mdash; <footer>Ronald Reagan</footer></blockquote>",Inspirational quotes provided by ZenQuotes API
2025-10-17T18:42:25,ZenQuotes API,The desire for more positive experience is itself a negative experience.,Mark Manson,https://zenquotes.io/,Needs Review,,<blockquote>&ldquo;The desire for more positive experience is itself a negative experience.&rdquo; &mdash; <footer>Mark Manson</footer></blockquote>,Inspirational quotes provided by ZenQuotes API
2025-10-17T18:42:25,ZenQuotes API,"There are no secrets to success. It is the result of preparation, hard work, learning from failure.",Colin Powell,https://zenquotes.io/,Needs Review,,"<blockquote>&ldquo;There are no secrets to success. It is the result of preparation, hard work, learning from failure.&rdquo; &mdash; <footer>Colin Powell</footer></blockquote>",Inspirational quotes provided by ZenQuotes API
2025-10-17T18:42:25,ZenQuotes API,"I thought how unpleasant it is to be locked out; and I thought how it is worse, perhaps, to be locked in.",Virginia Woolf,https://zenquotes.io/,Needs Review,,"<blockquote>&ldquo;I thought how unpleasant it is to be locked out; and I thought how it is worse, perhaps, to be locked in.&rdquo; &mdash; <footer>Virginia Woolf</footer></blockquote>",Inspirational quotes provided by ZenQuotes API
2025-10-17T18:42:25,ZenQuotes API,They who have conquered doubt and fear have conquered failure.,James Allen,https://zenquotes.io/,Needs Review,,<blockquote>&ldquo;They who have conquered doubt and fear have conquered failure.&rdquo; &mdash; <footer>James Allen</footer></blockquote>,Inspirational quotes provided by ZenQuotes API
2025-10-17T18:42:25,ZenQuotes API,At the center of your being you have the answer; you know who you are and you know what you want.,Lao Tzu,https://zenquotes.io/,Needs Review,,<blockquote>&ldquo;At the center of your being you have the answer; you know who you are and you know what you want.&rdquo; &mdash; <footer>Lao Tzu</footer></blockquote>,Inspirational quotes provided by ZenQuotes API
2025-10-17T18:42:25,ZenQuotes API,Changing minds is harder than finding people who already agree.,Jack Butcher,https://zenquotes.io/,Needs Review,,<blockquote>&ldquo;Changing minds is harder than finding people who already agree.&rdquo; &mdash; <footer>Jack Butcher</footer></blockquote>,Inspirational quotes provided by ZenQuotes API
2025-10-17T18:42:25,ZenQuotes API,"To live fully is to be always in no-man's-land, to experience each moment as completely new and fresh.",Pema Chodron,https://zenquotes.io/,Needs Review,,"<blockquote>&ldquo;To live fully is to be always in no-man's-land, to experience each moment as completely new and fresh.&rdquo; &mdash; <footer>Pema Chodron</footer></blockquote>",Inspirational quotes provided by ZenQuotes API
2025-10-17T18:42:25,ZenQuotes API,"It's not how much money you make, it's how much money you keep.",Robert Kiyosaki,https://zenquotes.io/,Needs Review,,"<blockquote>&ldquo;It's not how much money you make, it's how much money you keep.&rdquo; &mdash; <footer>Robert Kiyosaki</footer></blockquote>",Inspirational quotes provided by ZenQuotes API
2025-10-17T18:42:25,ZenQuotes API,"He suffers more than necessary, who suffers before it is necessary.",Seneca,https://zenquotes.io/,Needs Review,,"<blockquote>&ldquo;He suffers more than necessary, who suffers before it is necessary.  &rdquo; &mdash; <footer>Seneca</footer></blockquote>",Inspirational quotes provided by ZenQuotes API
2025-10-17T18:42:25,ZenQuotes API,"No matter who you are, we're creatures of habit. The better your habits are, the better they will be in pressure situations.",Wayne Gretzky,https://zenquotes.io/,Needs Review,,"<blockquote>&ldquo;No matter who you are, we're creatures of habit. The better your habits are, the better they will be in pressure situations.&rdquo; &mdash; <footer>Wayne Gretzky</footer></blockquote>",Inspirational quotes provided by ZenQuotes API
2025-10-17T18:42:25,ZenQuotes API,"A good teacher opens the door for you, but you must enter the room by yourself.",Zen Proverb,https://zenquotes.io/,Needs Review,,"<blockquote>&ldquo;A good teacher opens the door for you, but you must enter the room by yourself.&rdquo; &mdash; <footer>Zen Proverb</footer></blockquote>",Inspirational quotes provided by ZenQuotes API
2025-10-18T02:15:21,ZenQuotes API,The art of being happy lies in the power of extracting happiness from common things.,Henry Ward Beecher,https://zenquotes.io/,Needs Review,,<blockquote>&ldquo;The art of being happy lies in the power of extracting happiness from common things.&rdquo; &mdash; <footer>Henry Ward Beecher</footer></blockquote>,Inspirational quotes provided by ZenQuotes API
2025-10-18T02:15:21,ZenQuotes API,The sculptor produces the beautiful statue by chipping away such parts of the marble block as are not needed - it is a process of elimination.,Elbert Hubbard,https://zenquotes.io/,Needs Review,,<blockquote>&ldquo;The sculptor produces the beautiful statue by chipping away such parts of the marble block as are not needed - it is a process of elimination.&rdquo; &mdash; <footer>Elbert Hubbard</footer></blockquote>,Inspirational quotes provided by ZenQuotes API
2025-10-18T02:15:21,ZenQuotes API,Don't let the noise of others opinions drown out your inner voice.,Steve Jobs,https://zenquotes.io/,Needs Review,,<blockquote>&ldquo;Don't let the noise of others opinions drown out your inner voice.&rdquo; &mdash; <footer>Steve Jobs</footer></blockquote>,Inspirational quotes provided by ZenQuotes API
2025-10-18T02:15:21,ZenQuotes API,Any fool can turn a blind eye but who knows what the ostrich sees in the sand.,Samuel Beckett,https://zenquotes.io/,Needs Review,,<blockquote>&ldquo;Any fool can turn a blind eye but who knows what the ostrich sees in the sand.&rdquo; &mdash; <footer>Samuel Beckett</footer></blockquote>,Inspirational quotes provided by ZenQuotes API
2025-10-18T02:15:21,ZenQuotes API,The things I carry are my thoughts. That's it. They are the only weight. My thoughts determine whether I am free and light or burdened.,Kamal Ravikant,https://zenquotes.io/,Needs Review,,<blockquote>&ldquo;The things I carry are my thoughts. That's it. They are the only weight. My thoughts determine whether I am free and light or burdened.&rdquo; &mdash; <footer>Kamal Ravikant</footer></blockquote>,Inspirational quotes provided by ZenQuotes API
2025-10-18T02:15:21,ZenQuotes API,"Take time like the river that never grows stale. Keep going and steady. No hurry, no rush.",Rumi,https://zenquotes.io/,Needs Review,,"<blockquote>&ldquo;Take time like the river that never grows stale. Keep going and steady. No hurry, no rush.&rdquo; &mdash; <footer>Rumi</footer></blockquote>",Inspirational quotes provided by ZenQuotes API
2025-10-18T02:15:21,ZenQuotes API,Don't shortchange yourself when it comes to investing in your own better future.,Jim Rohn,https://zenquotes.io/,Needs Review,,<blockquote>&ldquo;Don't shortchange yourself when it comes to investing in your own better future.&rdquo; &mdash; <footer>Jim Rohn</footer></blockquote>,Inspirational quotes provided by ZenQuotes API
2025-10-18T02:15:21,ZenQuotes API,"Even if I knew that tomorrow the world would go to pieces, I would still plant my apple tree.",Martin Luther,https://zenquotes.io/,Needs Review,,"<blockquote>&ldquo;Even if I knew that tomorrow the world would go to pieces, I would still plant my apple tree. &rdquo; &mdash; <footer>Martin Luther</footer></blockquote>",Inspirational quotes provided by ZenQuotes API
2025-10-18T02:15:21,ZenQuotes API,Life is the art of drawing sufficient conclusions from insufficient premises.,Samuel Butler,https://zenquotes.io/,Needs Review,,<blockquote>&ldquo;Life is the art of drawing sufficient conclusions from insufficient premises.&rdquo; &mdash; <footer>Samuel Butler</footer></blockquote>,Inspirational quotes provided by ZenQuotes API
2025-10-18T02:15:21,ZenQuotes API,"No matter how much preparation we do, in the real tests of our lives, we'll be in unfamiliar terrain.",Josh Waitzkin,https://zenquotes.io/,Needs Review,,"<blockquote>&ldquo;No matter how much preparation we do, in the real tests of our lives, we'll be in unfamiliar terrain.&rdquo; &mdash; <footer>Josh Waitzkin</footer></blockquote>",Inspirational quotes provided by ZenQuotes API
2025-10-18T02:15:21,ZenQuotes API,"The first man gets the oyster, the second man gets the shell.",Andrew Carnegie,https://zenquotes.io/,Needs Review,,"<blockquote>&ldquo;The first man gets the oyster, the second man gets the shell.&rdquo; &mdash; <footer>Andrew Carnegie</footer></blockquote>",Inspirational quotes provided by ZenQuotes API
2025-10-18T02:15:21,ZenQuotes API,A thing constructed can only be loved after it is constructed; but a thing created is loved before it exists.,Charles Dickens,https://zenquotes.io/,Needs Review,,<blockquote>&ldquo;A thing constructed can only be loved after it is constructed; but a thing created is loved before it exists.&rdquo; &mdash; <footer>Charles Dickens</footer></blockquote>,Inspirational quotes provided by ZenQuotes API
2025-10-18T02:15:21,ZenQuotes API,Don't allow your mind to tell your heart what to do. The mind gives up easily.,Paulo Coelho,https://zenquotes.io/,Needs Review,,<blockquote>&ldquo;Don't allow your mind to tell your heart what to do. The mind gives up easily.&rdquo; &mdash; <footer>Paulo Coelho</footer></blockquote>,Inspirational quotes provided by ZenQuotes API
2025-10-18T02:15:21,ZenQuotes API,Leaders spend 5% of their time on the problem & 95% of their time on the solution. Get over it & crush it!,Tony Robbins,https://zenquotes.io/,Needs Review,,<blockquote>&ldquo;Leaders spend 5% of their time on the problem & 95% of their time on the solution. Get over it & crush it!&rdquo; &mdash; <footer>Tony Robbins</footer></blockquote>,Inspirational quotes provided by ZenQuotes API
2025-10-18T02:15:21,ZenQuotes API,"Nothing ever happened in the past that can prevent you from being present now; and if the past cannot prevent you from being present now, what power does it have?",Eckhart Tolle,https://zenquotes.io/,Needs Review,,"<blockquote>&ldquo;Nothing ever happened in the past that can prevent you from being present now; and if the past cannot prevent you from being present now, what power does it have?&rdquo; &mdash; <footer>Eckhart Tolle</footer></blockquote>",Inspirational quotes provided by ZenQuotes API
2025-10-18T02:15:21,ZenQuotes API,"Most people do not really want freedom, because freedom involves responsibility, and most people are frightened of responsibility.",Sigmund Freud,https://zenquotes.io/,Needs Review,,"<blockquote>&ldquo;Most people do not really want freedom, because freedom involves responsibility, and most people are frightened of responsibility.&rdquo; &mdash; <footer>Sigmund Freud</footer></blockquote>",Inspirational quotes provided by ZenQuotes API
2025-10-18T02:15:21,ZenQuotes API,How people treat you is their karma; how you react is yours.,Wayne Dyer,https://zenquotes.io/,Needs Review,,<blockquote>&ldquo;How people treat you is their karma; how you react is yours. &rdquo; &mdash; <footer>Wayne Dyer</footer></blockquote>,Inspirational quotes provided by ZenQuotes API
2025-10-18T02:15:21,ZenQuotes API,"If you care about someone enough, you'll always be there for them no matter what.",Roy T. Bennett,https://zenquotes.io/,Needs Review,,"<blockquote>&ldquo;If you care about someone enough, you'll always be there for them no matter what.&rdquo; &mdash; <footer>Roy T. Bennett</footer></blockquote>",Inspirational quotes provided by ZenQuotes API
2025-10-18T02:15:21,ZenQuotes API,Do not believe that you will reach your destination without leaving the shore.,Chinese Proverb,https://zenquotes.io/,Needs Review,,<blockquote>&ldquo;Do not believe that you will reach your destination without leaving the shore. &rdquo; &mdash; <footer>Chinese Proverb</footer></blockquote>,Inspirational quotes provided by ZenQuotes API
2025-10-18T02:15:21,ZenQuotes API,Concentrate all your thoughts upon the work at hand. The sun's rays do not burn until brought to focus.,Alexander Graham Bell,https://zenquotes.io/,Needs Review,,<blockquote>&ldquo;Concentrate all your thoughts upon the work at hand. The sun's rays do not burn until brought to focus.&rdquo; &mdash; <footer>Alexander Graham Bell</footer></blockquote>,Inspirational quotes provided by ZenQuotes API
2025-10-18T02:15:21,ZenQuotes API,Opportunity is missed by most people because it is dressed in overalls and looks like work.,Thomas Edison,https://zenquotes.io/,Needs Review,,<blockquote>&ldquo;Opportunity is missed by most people because it is dressed in overalls and looks like work.&rdquo; &mdash; <footer>Thomas Edison</footer></blockquote>,Inspirational quotes provided by ZenQuotes API
2025-10-18T02:15:21,ZenQuotes API,"Dreams provide nourishment for the soul, just as a meal does for the body.",Paulo Coelho,https://zenquotes.io/,Needs Review,,"<blockquote>&ldquo;Dreams provide nourishment for the soul, just as a meal does for the body.&rdquo; &mdash; <footer>Paulo Coelho</footer></blockquote>",Inspirational quotes provided by ZenQuotes API
2025-10-18T02:15:21,ZenQuotes API,Dark times lie ahead of us and there will be a time when we must choose between what is easy and what is right.,Albus Dumbledore,https://zenquotes.io/,Needs Review,,<blockquote>&ldquo;Dark times lie ahead of us and there will be a time when we must choose between what is easy and what is right.&rdquo; &mdash; <footer>Albus Dumbledore</footer></blockquote>,Inspirational quotes provided by ZenQuotes API
2025-10-18T02:15:21,ZenQuotes API,Life is ten percent what you experience and ninety percent how you respond to it.,Unknown,https://zenquotes.io/,Needs Review,,<blockquote>&ldquo;Life is ten percent what you experience and ninety percent how you respond to it.&rdquo; &mdash; <footer>Unknown</footer></blockquote>,Inspirational quotes provided by ZenQuotes API
2025-10-18T02:15:21,ZenQuotes API,The only place where success comes before work is in the dictionary.,Vidal Sassoon,https://zenquotes.io/,Needs Review,,<blockquote>&ldquo;The only place where success comes before work is in the dictionary.&rdquo; &mdash; <footer>Vidal Sassoon</footer></blockquote>,Inspirational quotes provided by ZenQuotes API
2025-10-27T00:03:53,ZenQuotes API,"The goal is not to show how great you are to others, but how vulnerable you are to yourself.",Maxime Lagace,https://zenquotes.io/,Needs Review,,"<blockquote>&ldquo;The goal is not to show how great you are to others, but how vulnerable you are to yourself.&rdquo; &mdash; <footer>Maxime Lagace</footer></blockquote>",Inspirational quotes provided by ZenQuotes API
2025-10-27T00:03:53,ZenQuotes API,The journey is what brings us happiness not the destination.,Dan Millman,https://zenquotes.io/,Needs Review,,<blockquote>&ldquo;The journey is what brings us happiness not the destination.&rdquo; &mdash; <footer>Dan Millman</footer></blockquote>,Inspirational quotes provided by ZenQuotes API
2025-10-27T00:03:53,ZenQuotes API,Don't ever save anything for a special occasion. Being alive is the special occasion.,Mary Engelbreit,https://zenquotes.io/,Needs Review,,<blockquote>&ldquo;Don't ever save anything for a special occasion. Being alive is the special occasion.&rdquo; &mdash; <footer>Mary Engelbreit</footer></blockquote>,Inspirational quotes provided by ZenQuotes API
2025-10-27T00:03:53,ZenQuotes API,"A strong man overcomes an obstacle, a wise man goes the whole way.",Zen Proverb,https://zenquotes.io/,Needs Review,,"<blockquote>&ldquo;A strong man overcomes an obstacle, a wise man goes the whole way.&rdquo; &mdash; <footer>Zen Proverb</footer></blockquote>",Inspirational quotes provided by ZenQuotes API
2025-10-27T00:03:53,ZenQuotes API,"Yesterday is history, tomorrow is a mystery, today is God's gift, that's why we call it the present.",Joan Rivers,https://zenquotes.io/,Needs Review,,"<blockquote>&ldquo;Yesterday is history, tomorrow is a mystery, today is God's gift, that's why we call it the present.&rdquo; &mdash; <footer>Joan Rivers</footer></blockquote>",Inspirational quotes provided by ZenQuotes API
2025-10-27T00:03:53,ZenQuotes API,The goal of an artist is to create the definitive work that cannot be surpassed.,George Bernard Shaw,https://zenquotes.io/,Needs Review,,<blockquote>&ldquo;The goal of an artist is to create the definitive work that cannot be surpassed.&rdquo; &mdash; <footer>George Bernard Shaw</footer></blockquote>,Inspirational quotes provided by ZenQuotes API
2025-10-27T00:03:53,ZenQuotes API,Your first and foremost job as a leader is to take charge of your own energy and then help to orchestrate the energy of those around you.,Peter Drucker,https://zenquotes.io/,Needs Review,,<blockquote>&ldquo;Your first and foremost job as a leader is to take charge of your own energy and then help to orchestrate the energy of those around you.&rdquo; &mdash; <footer>Peter Drucker</footer></blockquote>,Inspirational quotes provided by ZenQuotes API
2025-10-27T00:03:53,ZenQuotes API,The power of human thought grows exponentially with the number of minds that share that thought.,Dan Brown,https://zenquotes.io/,Needs Review,,<blockquote>&ldquo;The power of human thought grows exponentially with the number of minds that share that thought.&rdquo; &mdash; <footer>Dan Brown</footer></blockquote>,Inspirational quotes provided by ZenQuotes API
2025-10-27T00:03:53,ZenQuotes API,Happiness is not something ready made. It comes from your own actions.,Dalai Lama,https://zenquotes.io/,Needs Review,,<blockquote>&ldquo;Happiness is not something ready made. It comes from your own actions.&rdquo; &mdash; <footer>Dalai Lama</footer></blockquote>,Inspirational quotes provided by ZenQuotes API
2025-10-27T00:03:53,ZenQuotes API,"If you want to change how you see your problems, you have to change what you value and/or how you measure failure/success.",Mark Manson,https://zenquotes.io/,Needs Review,,"<blockquote>&ldquo;If you want to change how you see your problems, you have to change what you value and/or how you measure failure/success.&rdquo; &mdash; <footer>Mark Manson</footer></blockquote>",Inspirational quotes provided by ZenQuotes API
2025-10-27T00:03:53,ZenQuotes API,Knowledge is learning something everyday. Wisdom is letting go of something everyday.,Unknown,https://zenquotes.io/,Needs Review,,<blockquote>&ldquo;Knowledge is learning something everyday. Wisdom is letting go of something everyday.&rdquo; &mdash; <footer>Unknown</footer></blockquote>,Inspirational quotes provided by ZenQuotes API
2025-10-27T00:03:53,ZenQuotes API,"Life is a gift, and it offers us the privilege, opportunity, and responsibility to give something back by becoming more.",Tony Robbins,https://zenquotes.io/,Needs Review,,"<blockquote>&ldquo;Life is a gift, and it offers us the privilege, opportunity, and responsibility to give something back by becoming more.&rdquo; &mdash; <footer>Tony Robbins</footer></blockquote>",Inspirational quotes provided by ZenQuotes API
2025-10-27T00:03:53,ZenQuotes API,Do you have the patience to wait until your mud settles and the water is clear?,Lao Tzu,https://zenquotes.io/,Needs Review,,<blockquote>&ldquo;Do you have the patience to wait until your mud settles and the water is clear?&rdquo; &mdash; <footer>Lao Tzu</footer></blockquote>,Inspirational quotes provided by ZenQuotes API
2025-10-27T00:03:53,ZenQuotes API,"Making your mark on the world is hard. If it were easy, everybody would do it.",Barack Obama,https://zenquotes.io/,Needs Review,,"<blockquote>&ldquo;Making your mark on the world is hard. If it were easy, everybody would do it.&rdquo; &mdash; <footer>Barack Obama</footer></blockquote>",Inspirational quotes provided by ZenQuotes API
2025-10-27T00:03:53,ZenQuotes API,It is the power of thought that gives man power over nature.,Hans Christian Andersen,https://zenquotes.io/,Needs Review,,<blockquote>&ldquo;It is the power of thought that gives man power over nature.&rdquo; &mdash; <footer>Hans Christian Andersen</footer></blockquote>,Inspirational quotes provided by ZenQuotes API
2025-10-27T00:03:53,ZenQuotes API,The older you get the stronger the wind gets - and it's always in your face.,Pablo Picasso,https://zenquotes.io/,Needs Review,,<blockquote>&ldquo;The older you get the stronger the wind gets - and it's always in your face.&rdquo; &mdash; <footer>Pablo Picasso</footer></blockquote>,Inspirational quotes provided by ZenQuotes API
2025-10-27T00:03:53,ZenQuotes API,"The power of man has grown in every sphere, except over himself.",Winston Churchill,https://zenquotes.io/,Needs Review,,"<blockquote>&ldquo;The power of man has grown in every sphere, except over himself.&rdquo; &mdash; <footer>Winston Churchill</footer></blockquote>",Inspirational quotes provided by ZenQuotes API
2025-10-27T00:03:53,ZenQuotes API,The big thing is to make a winning effort. I'm not obsessed with wins.,Morgan Wootten,https://zenquotes.io/,Needs Review,,<blockquote>&ldquo;The big thing is to make a winning effort. I'm not obsessed with wins.&rdquo; &mdash; <footer>Morgan Wootten</footer></blockquote>,Inspirational quotes provided by ZenQuotes API
2025-10-27T00:03:53,ZenQuotes API,"You are not the drop in the ocean, but the ocean in the drop.",Deepak Chopra,https://zenquotes.io/,Needs Review,,"<blockquote>&ldquo;You are not the drop in the ocean, but the ocean in the drop.&rdquo; &mdash; <footer>Deepak Chopra</footer></blockquote>",Inspirational quotes provided by ZenQuotes API
2025-10-27T00:03:53,ZenQuotes API,"The foolish reject what they see, not what they think; the wise reject what they think, not what they see.",Huang Po,https://zenquotes.io/,Needs Review,,"<blockquote>&ldquo;The foolish reject what they see, not what they think; the wise reject what they think, not what they see.&rdquo; &mdash; <footer>Huang Po</footer></blockquote>",Inspirational quotes provided by ZenQuotes API
2025-10-27T00:03:53,ZenQuotes API,"Make yourself so useful to other people, that they think you are irreplaceable.",Og Mandino,https://zenquotes.io/,Needs Review,,"<blockquote>&ldquo;Make yourself so useful to other people, that they think you are irreplaceable.&rdquo; &mdash; <footer>Og Mandino</footer></blockquote>",Inspirational quotes provided by ZenQuotes API
2025-10-27T00:03:53,ZenQuotes API,The sculptor produces the beautiful statue by chipping away such parts of the marble block as are not needed - it is a process of elimination.,Elbert Hubbard,https://zenquotes.io/,Needs Review,,<blockquote>&ldquo;The sculptor produces the beautiful statue by chipping away such parts of the marble block as are not needed - it is a process of elimination.&rdquo; &mdash; <footer>Elbert Hubbard</footer></blockquote>,Inspirational quotes provided by ZenQuotes API
2025-10-27T00:03:53,ZenQuotes API,Many a man has failed because he had his wishbone where his backbone should have been.,Ronald Reagan,https://zenquotes.io/,Needs Review,,<blockquote>&ldquo;Many a man has failed because he had his wishbone where his backbone should have been.&rdquo; &mdash; <footer>Ronald Reagan</footer></blockquote>,Inspirational quotes provided by ZenQuotes API
2025-10-27T00:03:53,ZenQuotes API,Confidence is what you have before you understand the problem.,Woody Allen,https://zenquotes.io/,Needs Review,,<blockquote>&ldquo;Confidence is what you have before you understand the problem.&rdquo; &mdash; <footer>Woody Allen</footer></blockquote>,Inspirational quotes provided by ZenQuotes API
2025-10-27T00:03:53,ZenQuotes API,"Whatever you think the world is withholding from you, you are withholding from the world.",Eckhart Tolle,https://zenquotes.io/,Needs Review,,"<blockquote>&ldquo;Whatever you think the world is withholding from you, you are withholding from the world.&rdquo; &mdash; <footer>Eckhart Tolle</footer></blockquote>",Inspirational quotes provided by ZenQuotes API
2025-10-27T00:03:53,ZenQuotes API,"If you are lucky enough to find love, remember it is there and don't throw it away.",Stephen Hawking,https://zenquotes.io/,Needs Review,,"<blockquote>&ldquo;If you are lucky enough to find love, remember it is there and don't throw it away.&rdquo; &mdash; <footer>Stephen Hawking</footer></blockquote>",Inspirational quotes provided by ZenQuotes API
2025-10-27T00:03:53,ZenQuotes API,"The way to change others' minds is with affection, and not anger.",Dalai Lama,https://zenquotes.io/,Needs Review,,"<blockquote>&ldquo;The way to change others' minds is with affection, and not anger.&rdquo; &mdash; <footer>Dalai Lama</footer></blockquote>",Inspirational quotes provided by ZenQuotes API
2025-10-27T00:03:53,ZenQuotes API,"Thinking is the hardest work there is, which is probably the reason why so few engage in it.",Henry Ford,https://zenquotes.io/,Needs Review,,"<blockquote>&ldquo;Thinking is the hardest work there is, which is probably the reason why so few engage in it.&rdquo; &mdash; <footer>Henry Ford</footer></blockquote>",Inspirational quotes provided by ZenQuotes API
2025-10-27T00:03:53,ZenQuotes API,The outer conditions of a person's life will always be found to reflect their inner beliefs.,James Allen,https://zenquotes.io/,Needs Review,,<blockquote>&ldquo;The outer conditions of a person's life will always be found to reflect their inner beliefs.&rdquo; &mdash; <footer>James Allen</footer></blockquote>,Inspirational quotes provided by ZenQuotes API
2025-10-27T00:03:53,ZenQuotes API,"If you throw away all thoughts of attainment, you will then come to see the real purpose of your quest.",Seungsahn,https://zenquotes.io/,Needs Review,,"<blockquote>&ldquo;If you throw away all thoughts of attainment, you will then come to see the real purpose of your quest.&rdquo; &mdash; <footer>Seungsahn</footer></blockquote>",Inspirational quotes provided by ZenQuotes API
2025-10-27T00:03:53,ZenQuotes API,The first step toward getting somewhere is to decide that you are not going to stay where you are.,Unknown,https://zenquotes.io/,Needs Review,,<blockquote>&ldquo;The first step toward getting somewhere is to decide that you are not going to stay where you are.&rdquo; &mdash; <footer>Unknown</footer></blockquote>,Inspirational quotes provided by ZenQuotes API
2025-10-27T00:03:53,ZenQuotes API,Rivers know this: there is no hurry. We shall get there some day.,A.A. Milne,https://zenquotes.io/,Needs Review,,<blockquote>&ldquo;Rivers know this: there is no hurry. We shall get there some day.&rdquo; &mdash; <footer>A.A. Milne</footer></blockquote>,Inspirational quotes provided by ZenQuotes API
2025-10-27T00:03:53,ZenQuotes API,We will now discuss in a little more detail the Struggle for Existence.,Charles Darwin,https://zenquotes.io/,Needs Review,,<blockquote>&ldquo;We will now discuss in a little more detail the Struggle for Existence.&rdquo; &mdash; <footer>Charles Darwin</footer></blockquote>,Inspirational quotes provided by ZenQuotes API
